rating,avg
R,2.938717949
NC-17,2.970952381
G,2.888876404
PG,3.05185567
PG-13,3.034843049
